"genus","different"
"ABELIA","no"
"ABELOMOSCHUS","yes"
"ABIES","no"
"ABROMA","no"
"ABRUS","no"
"ABUTA","no"
"ABUTILON","no"
"ACACIA","no"
"ACALYPHA","no"
"ACANTHOPANAX","yes"
"ACANTHOPHYLLUM","no"
"ACANTHOSPERMUM","no"
"ACANTHOSPORA","yes"
"ACANTHOSYRIS","no"
"ACER","yes"
"ACHILLEA","no"
"ACHRAS","yes"
"ACHYRANTHES","no"
"ACHYROCLINE","no"
"ACNISTUS","no"
"ACOKANTHERA","no"
"ACONITUM","no"
"ACORUS","no"
"ACOSMIUM","no"
"ACREMONIUM","yes"
"ACRITOPAPPUS","no"
"ACRONYCHIA","no"
"ACROPTILON","yes"
"ACTEA","yes"
"ACTIAS","yes"
"ACTINIDIA","no"
"ACTINODAPHNE","no"
"ADANSONIA","no"
"ADENIUM","no"
"ADENOCARPUS","no"
"ADENOCAULON","no"
"ADENOCHLAENA","no"
"ADENOSTEMMA","no"
"ADENOSTYLES","no"
"ADERANTHERA","yes"
"ADHATODA","no"
"ADIANTUM","no"
"ADINA","yes"
"ADLUMIA","no"
"ADONIS","yes"
"ADOXA","no"
"AECHMEA","no"
"AEGICERAS","no"
"AEGILOPS","no"
"AEGINETIA","no"
"AEGLE","no"
"AEGLOPSIS","no"
"AEGOPORDON","no"
"AESCHRION","yes"
"AESCHYNOMENE","no"
"AESCULUS","no"
"AFRAMOMUM","no"
"AFZELIA","no"
"AGANOSMA","no"
"AGAPANTHUS","no"
"AGARICUS","yes"
"AGASTACHYS","no"
"AGATHIS","no"
"AGATHOSMA","no"
"AGAURIA","no"
"AGAVE","yes"
"AGENATUM","yes"
"AGERATINA","no"
"AGERATUM","no"
"AGLAIA","yes"
"AGONIS","no"
"AGRIANTHUS","no"
"AGRIMONIA","no"
"AGROSTEMMA","no"
"AILANTHUS","no"
"AINSLEAEA","yes"
"AJANIA","no"
"AJUGA","yes"
"AKANIA","no"
"AKEBIA","no"
"ALAFIA","no"
"ALANGIUM","no"
"ALATUS","yes"
"ALBATRELLUS","yes"
"ALBIZIA","no"
"ALBIZZIA","no"
"ALCHORNEA","no"
"ALEANTARA","yes"
"ALECTORIA","yes"
"ALEURIA","yes"
"ALEURITES","no"
"ALHAGI","no"
"ALISMA","no"
"ALKANNA","no"
"ALLAMANDA","no"
"ALLANBLACKIA","no"
"ALLAUDIOPSIS","yes"
"ALLIUM","no"
"ALMEIDEA","no"
"ALNUS","no"
"ALOE","yes"
"ALPHITONIA","no"
"ALPINIA","no"
"ALSEODAPHNE","no"
"ALSOPHILA","no"
"ALSTONIA","no"
"ALTERNARIA","yes"
"ALTHAEA","no"
"ALUIS","yes"
"ALYSSUM","no"
"ALYXIA","no"
"AMANITA","yes"
"AMARANTHUS","no"
"AMARORIA","no"
"AMARYLLIS","yes"
"AMBERBOA","no"
"AMBROSIA","yes"
"AMELLUS","no"
"AMIANTHUM","yes"
"AMMI","no"
"AMMOCHARIS","no"
"AMMODENDRON","no"
"AMMOTHAMNUS","yes"
"AMOMUM","no"
"AMOORA","yes"
"AMORPHA","no"
"AMPELOCERA","no"
"AMPHICOME","yes"
"AMPHIDINIUM","yes"
"AMSINKIA","yes"
"AMSONIA","no"
"AMYRIS","no"
"ANABASIS","no"
"ANACYCLUS","no"
"ANACYSTIS","yes"
"ANADENANTHERA","no"
"ANAGALLIS","no"
"ANAGRAPHIS","yes"
"ANAGYRIS","no"
"ANAMIRTA","no"
"ANANAS","no"
"ANAPHALIS","no"
"ANAPTYCHIA","yes"
"ANASTREPTA","no"
"ANCHUSA","no"
"ANCISTROCLADUS","no"
"ANDIRA","no"
"ANDRACHNE","no"
"ANDROCYMBIUM","no"
"ANDROGRAPHIS","no"
"ANDROMEDA","yes"
"ANDROPOGON","no"
"ANDROSACE","no"
"ANDROSTACHYS","no"
"ANDRYALA","no"
"ANEMIA","yes"
"ANEMONE","yes"
"ANETHUM","no"
"ANEURA","no"
"ANGELICA","no"
"ANGELONIA","no"
"ANGOPHORA","no"
"ANHALONIUM","yes"
"ANIBA","no"
"ANIGOZANTHOS","no"
"ANISOCYCLEA","yes"
"ANISODORIS","yes"
"ANISODUS","no"
"ANISOMELES","no"
"ANISOTES","no"
"ANISUM","yes"
"ANNONA","no"
"ANODENDRON","no"
"ANOGEISSUS","no"
"ANOPTERUS","no"
"ANTHELIA","no"
"ANTHEMIS","no"
"ANTHOCEPHALUS","yes"
"ANTHOCERIS","yes"
"ANTHOCLEISTA","no"
"ANTHOSPERMA","yes"
"ANTHOSTOMA","yes"
"ANTHOTROCHE","no"
"ANTHRISCUS","no"
"ANTHYLLIS","no"
"ANTIARIS","no"
"ANTIDESMA","no"
"ANTIRHEA","no"
"ANTIRRHINUM","yes"
"ANTITOXICUM","yes"
"ANVILLEA","no"
"AOTUS","no"
"APHANAMIXIS","no"
"APHANIZOMENON","yes"
"APHELANDRA","no"
"APHLOIA","no"
"APIOS","no"
"APIUM","no"
"APLOPAPPUS","no"
"APOCYNUM","no"
"APTOSIMUM","no"
"APULEIA","no"
"AQUILLARIA","yes"
"AQUILEGIA","no"
"ARACHIOIDES","yes"
"ARACHIS","no"
"ARACHNIODES","no"
"ARALIA","no"
"ARALIDIUM","no"
"ARALIOPSIS","no"
"ARALIORHAMNUS","yes"
"ARARIBA","yes"
"ARAUCARIA","no"
"ARBUTUS","yes"
"ARCHANGELICIA","yes"
"ARCTEGUIETIA","yes"
"ARCTIUM","no"
"ARCTODIAPTOMUS","yes"
"ARCTOSTAPHLOS","yes"
"ARCTOTIS","no"
"ARDISIA","no"
"ARECA","no"
"ARENICOLA","yes"
"ARGEMONE","no"
"ARGYLIA","no"
"ARGYREIA","no"
"ARIOCARPUS","no"
"ARISAEMA","no"
"ARISTEGUIETIA","no"
"ARISTIDA","no"
"ARISTOLOCHIA","no"
"ARISTOTELIA","no"
"ARMILLARIA","yes"
"ARNEBIA","no"
"ARNICA","no"
"ARTABOTRYS","no"
"ARTEMISIA","no"
"ARTHONIA","yes"
"ARTHRAXON","no"
"ARTHROPHYTUM","no"
"ARTOCARPUS","no"
"ARUM","no"
"ARUNCUS","no"
"ARUNDO","yes"
"ASA","yes"
"ASAEMIA","yes"
"ASANTHUS","yes"
"ASARUM","no"
"ASCARINA","no"
"ASCHINEA","yes"
"ASCLEPIAS","no"
"ASCOCHYTA","yes"
"ASER","yes"
"ASIMINA","no"
"ASPALATHUS","no"
"ASPARAGOPSIS","yes"
"ASPARAGUS","no"
"ASPHODELINE","no"
"ASPHODELUS","no"
"ASPICILIA","yes"
"ASPIDOSPERMA","no"
"ASPILIA","no"
"ASPLENIUM","yes"
"ASTASIA","yes"
"ASTER","yes"
"ASTERACANTHA","yes"
"ASTERIAS","yes"
"ASTERICUS","yes"
"ASTILBE","no"
"ASTRAGALUS","no"
"ASTRANTIA","no"
"ASTROCASIA","no"
"ATALANTIA","no"
"ATHAMANTHA","yes"
"ATHANASIA","no"
"ATHEROSPERMA","no"
"ATHRIXIA","no"
"ATHROTAXIS","no"
"ATHYRIUM","no"
"ATLAS","yes"
"ATRACTYLIS","no"
"ATRACTYLODES","no"
"ATRAPHAXIS","no"
"ATROPA","no"
"ATYLOSIA","no"
"AUBRIETIA","yes"
"AUCUBA","no"
"AUSTROBAILEYA","no"
"AUSTROCEDRUS","no"
"AUSTROEUPATORIUM","no"
"AUSTROPLENEKIA","yes"
"AVENA","yes"
"AVICENNIA","no"
"AYAPANA","no"
"AZADIRACHTA","no"
"AZIMA","no"
"AZORELLA","no"
"AZUREOCEREUS","yes"
"BACCHARIS","no"
"BACKHOUSIA","no"
"BACOPA","no"
"BAECKEA","no"
"BAEOMETRA","no"
"BAERIA","yes"
"BAHIA","yes"
"BAIKIAEA","no"
"BAILEYA","no"
"BALAMEANDA","yes"
"BALANOCARPUS","yes"
"BALANOPS","no"
"BALDUINA","no"
"BALFOURODENDRON","no"
"BALIOSPERMUM","no"
"BALLONITES","yes"
"BALLOTA","yes"
"BALSAMITA","yes"
"BALTIMORA","no"
"BANGIA","yes"
"BANISTERIOPSIS","no"
"BAPTISIA","no"
"BARBACENIA","no"
"BARBILOPHAZIA","yes"
"BARLERIA","no"
"BAROSMA","yes"
"BARRACENIA","yes"
"BARRINGTONIA","no"
"BARTLETTINA","no"
"BARTSIA","no"
"BASSIA","no"
"BATHIORHAMNUS","no"
"BAUHINIA","no"
"BAURELLA","yes"
"BAZZANIA","no"
"BEAUMONTIA","no"
"BEDFORDIA","no"
"BEESIA","no"
"BEFARIA","no"
"BEGONIA","no"
"BEILSCHMEIDIA","yes"
"BEJARANOA","no"
"BELAMEANDA","yes"
"BELLARDIA","yes"
"BELLIUM","no"
"BERBERIS","no"
"BERKHEYA","no"
"BERLANDIERA","no"
"BERSAMA","no"
"BERTYA","no"
"BESHORNERIA","yes"
"BETA","yes"
"BETONICA","no"
"BETULA","yes"
"BEYERIA","no"
"BIDENS","yes"
"BIFURCARIA","yes"
"BILLBERGIA","no"
"BINAPSIS","yes"
"BIOTA","yes"
"BISHOFIA","yes"
"BIXA","no"
"BLAINVILLEA","no"
"BLECHNUM","no"
"BLEEKERIA","yes"
"BLEPHARIS","no"
"BLIGHIA","no"
"BLUMEA","no"
"BOCCONIA","no"
"BOEHMERIA","no"
"BOENNINGHAUSENA","yes"
"BOERHAAVIA","yes"
"BOESENBERGIA","no"
"BOHADSCHIA","yes"
"BOLBITIS","no"
"BOLBOSTEMMA","no"
"BOLDEA","yes"
"BOLETUS","yes"
"BOLUSANTHUS","no"
"BOMBAX","no"
"BONAFOUSIA","yes"
"BONANNIA","no"
"BONNEMAISONIA","yes"
"BOOPHONE","no"
"BORONIA","no"
"BORREIRA","yes"
"BOSCHNAKIA","yes"
"BOSISTOA","no"
"BOSWELLIA","no"
"BOTHRIOCHLOA","no"
"BOTHRIOCLINE","no"
"BOTRYOCOCCUS","yes"
"BOUCERIA","yes"
"BOURRERIA","no"
"BOUVARDIA","no"
"BOWDICHIA","no"
"BOWEIA","yes"
"BRACHIARIA","no"
"BRACHYLAENA","no"
"BRACHYMERIS","yes"
"BRACKENRIDGEA","no"
"BRANDEGEA","no"
"BRASILIA","yes"
"BRASSICA","no"
"BREDEMEYERA","no"
"BRENANIA","no"
"BREYNIA","no"
"BRICKELLIA","no"
"BROCCHIA","yes"
"BROMELIA","no"
"BROSIMUM","no"
"BROUSSONETIA","no"
"BRUCEA","no"
"BRUGUIERA","no"
"BRUNSDONNA","yes"
"BRUNSVIGIA","no"
"BRYONIA","no"
"BRYOPHYLLUM","no"
"BRYOPSIS","yes"
"BUCHENOVIA","yes"
"BUCKLEYA","no"
"BUCSERA","yes"
"BUDDLEJA","no"
"BUELLIA","yes"
"BULBOCAPNUS","yes"
"BULBOCODIUM","yes"
"BULBOPHYLLUM","no"
"BULNESIA","no"
"BUPLEURUM","no"
"BUPHTHALMUM","no"
"BURASIA","yes"
"BURCHARDIA","no"
"BURSERA","no"
"BUTEA","no"
"BUXUS","no"
"BYRSONIMA","no"
"CABRALEA","no"
"CABUCALA","yes"
"SPIROINDOLONE","yes"
"CACALIA","no"
"CACCINIA","no"
"CADABA","no"
"CADIA","no"
"CAESALPINIA","no"
"CAJANUS","no"
"CALAMINTHA","yes"
"CALCEOLARIA","no"
"CALDARIELLA","yes"
"CALEA","no"
"CALENDULA","no"
"CALIBANUS","no"
"CALLIANDRA","no"
"CALLICARPA","no"
"CALLICHILIA","no"
"CALLIGONUM","no"
"CALLILEPIS","no"
"CALLISTEMON","no"
"CALLITRIS","no"
"CALLITROPIS","yes"
"CALLODONIA","yes"
"CALLUNA","no"
"CALOCEPHALUS","no"
"CALOCYBE","yes"
"CALODENDRUM","no"
"CALONECTRIA","yes"
"CALONYCTION","yes"
"CALOPHYLLUM","no"
"CALOPLACA","yes"
"CALOPOGONIUM","no"
"CALOSCYPHA","yes"
"CALOSTEMMA","no"
"CALOTROPIS","no"
"CALPURNIA","no"
"CALTHA","no"
"CALVATIA","yes"
"CALYCANTHUS","no"
"CALYCOPTERIS","yes"
"CALYCOTOME","yes"
"CALYPOGEIA","no"
"CALYTHRIX","yes"
"CALYX","yes"
"CAMELLIA","yes"
"CAMOENSIS","yes"
"CAMPANULA","no"
"CAMPHYLANDRA","yes"
"CAMPOVASSOURIA","no"
"CAMPSIDIUM","no"
"CAMPSIS","no"
"CAMPTOTHECA","no"
"CANANGA","no"
"CANARIUM","no"
"CANAVALIA","no"
"CANELLA","no"
"CANNABIS","yes"
"CANSCORA","no"
"CANTHARELLUS","yes"
"CANTHIUM","no"
"CANTLEYA","no"
"CAPPARIS","no"
"CAPRARIA","no"
"CAPSICODENDRON","yes"
"CAPSICUM","no"
"CAPURONETTA","yes"
"CARAPA","no"
"CARAUPA","yes"
"CARDARIA","no"
"CARDUNCELLUS","no"
"CARDUUS","no"
"CAREX","no"
"CAREYA","no"
"CARICA","no"
"CARISSA","yes"
"CARLINA","yes"
"CARNEGIA","yes"
"CARPESIUM","no"
"CARPOLOBIA","no"
"CARTEROTHAMNUS","yes"
"CARTHAMNUS","yes"
"CARUM","no"
"CARYA","no"
"CARYOCAR","no"
"CARYOPTERIS","no"
"CASCARA","yes"
"CASEARIA","no"
"CASELLA","yes"
"CASIMIROA","no"
"CASSIA","yes"
"CASSINE","no"
"CASSINOPSIS","no"
"CASSIPOUREA","no"
"CASSYTHA","no"
"CASTANEA","yes"
"CASTANOPSIS","no"
"CASTANOSPERMUM","no"
"CASTELA","no"
"CASUARINA","no"
"CATALPA","yes"
"CATANANCHE","no"
"CATHA","yes"
"CATHARANTHUS","no"
"CAUCALIS","no"
"CAULERPA","yes"
"CAULOPHYLLUM","no"
"CEANOTHUS","no"
"CEDRELA","no"
"CEDRELOPSIS","no"
"CEDRUS","no"
"CELASTRUS","no"
"CELSIA","no"
"CELTIS","no"
"CENTAUREA","no"
"CENTELLA","no"
"CENTRANTHUS","no"
"CENTRARIA","yes"
"CENTRATHERUM","no"
"CEPHALIS","yes"
"CEPHALARIA","no"
"CEPHALOSPHAERA","no"
"CEPHALOSPORIUM","yes"
"CEPHALOTAXUS","no"
"CERAMIUM","yes"
"CERASTIUM","no"
"CERATOCYSTIS","yes"
"CERATOPETALUM","no"
"CERBERA","no"
"CERBERTA","yes"
"CERCIDIPHYLLUM","no"
"CERCOSPORA","yes"
"CEREUS","no"
"CEROPEGIA","no"
"CERURA","yes"
"CETRARIA","yes"
"CHAENOMELES","no"
"CHAENORHINUM","no"
"CHAITURUS","no"
"CHAMAECYPARIS","no"
"CHAMAEDAPHNE","no"
"CHAMAENERION","yes"
"CHAMONIXIA","yes"
"CHARTOLEPIS","yes"
"CHASMANTHERA","no"
"CHEILANTHES","no"
"CHELIDONIUM","no"
"CHENOPODIUM","no"
"CHICORUM","yes"
"CHIDLOWIA","no"
"CHILOSCYPHUS","no"
"CHIMONANTHUS","no"
"CHIONOGRAPHIS","no"
"CHISOCHETON","no"
"CHLORANTHUS","no"
"CHLORODESMIS","yes"
"CHLOROGALUM","no"
"CHLOROPHORA","yes"
"CHLOROXYLON","no"
"CHOANEPHRA","yes"
"CHOISYA","no"
"CHONDRIA","yes"
"CHONDROCOCCUS","yes"
"CHONDRODENDRON","no"
"CHONEMORPHA","no"
"CHORISIA","yes"
"CHRESTA","no"
"CHROMOLAENA","no"
"CHRYSANTELLUM","yes"
"CHRYSANTHEMUM","no"
"CHRYSOSPLENIUM","no"
"CHRYSOTHAMNUS","no"
"CHUKRASIA","no"
"CHYSIS","no"
"CICAS","yes"
"CYCAS","no"
"CIMICIFUGA","no"
"CINCHONA","yes"
"CINERARIA","no"
"CINNAMOMUM","no"
"CINNAMOSMA","no"
"CIRSIUM","no"
"CISSAMPELOS","no"
"CISSUS","no"
"CISTANCHE","no"
"CISTUS","no"
"CITHAREXYLUM","no"
"CITRULLUS","no"
"CITRUS","no"
"CITRUS-PONCIRUS","yes"
"CLADONIA","yes"
"CLADOPHORA","yes"
"CLADRASTIS","no"
"CLARISIA","no"
"CLAUSENA","no"
"CLAVICEPS","yes"
"CLAVULARIA","yes"
"CLEISTANTHUS","no"
"CLEISTOPHOLIS","no"
"CLEMATIS","no"
"CLEOME","no"
"CLEONIA","no"
"CLERODENDRON","yes"
"CLETHRA","no"
"CLIBADIUM","no"
"CLIMACOPTERA","no"
"CLITOCYBE","yes"
"CLITORIA","no"
"CLIVIA","no"
"CLUSIA","yes"
"CLYTIA","yes"
"CNEORUM","no"
"CNESTUS","yes"
"CNICOTHAMNUS","no"
"CNICUS","no"
"CNIDIUM","no"
"COCCIFERA","yes"
"COCCOLOBA","no"
"COCCULUS","no"
"COCHLEARIA","no"
"COCHLIOBOLUS","yes"
"COCHLOSPERMUM","no"
"COCSINIUM","yes"
"CODIUM","yes"
"CODONOCARPUS","no"
"CODONOCEPHALUM","no"
"CODONOPSIS","no"
"COELIDIUM","no"
"COELOCLINE","yes"
"COFFEA","no"
"COIX","no"
"COLA","yes"
"COLCHICUM","no"
"COLEUS","yes"
"COLLADONIUM","yes"
"COLLETIA","no"
"COLLETOTRICHUM","yes"
"COLLYBIA","yes"
"COLONA","yes"
"COLUBRINA","no"
"COLYTHIS","yes"
"COMBRETIUM","yes"
"COMMELINA","no"
"COMMIPHORA","no"
"COMMITHECA","yes"
"COMULARIA","yes"
"CONANDRON","no"
"CONDURANGO","yes"
"CONIUM","no"
"CONOCARPUS","no"
"CONOCEPHALUM","no"
"CONOCLINIOPSIS","no"
"CONOPHARYNGIA","yes"
"CONSOLIDA","no"
"CONVALLARIA","no"
"CONVOLVULUS","no"
"CONYZA","no"
"COOPERIA","yes"
"COPAIFERA","no"
"COPRIMUS","yes"
"COPRINARIUS","yes"
"COPROSMA","no"
"COPTIS","no"
"CORALLIA","yes"
"CORALLINA","yes"
"CORBICULA","yes"
"CORCHORUS","no"
"CORDIA","no"
"CORDYCEPS","yes"
"CORDYLA","no"
"CORDYLINE","no"
"COREOPSIS","no"
"CORIARIA","no"
"CORIOLUS","yes"
"CORNULACA","no"
"CORNUS","no"
"CORONILLA","no"
"CORTEX","yes"
"CORTICUM","yes"
"CORTINARIUS","yes"
"CORYDALIS","no"
"CORYLUS","no"
"CORYNANTHE","no"
"CORYPHANTHA","no"
"CORYSPERMUM","yes"
"COSMOS","yes"
"COSTUS","no"
"COTULA","no"
"COTYLEDON","yes"
"COURBONIA","yes"
"COUROUPITA","no"
"CRASPIDOSPERMUM","no"
"CRATAEGUS","no"
"CRATOXYLON","yes"
"CREMASTOSPERMA","no"
"CREPIS","no"
"CRESSA","no"
"CRINODENDRON","no"
"CRINUM","no"
"CRIOCERAS","no"
"CRITONIA","no"
"CROCUS","yes"
"CRONQUISTIANTHUS","no"
"CROOMIA","no"
"CROPTILON","no"
"CROSSOPTERYX","no"
"CROSSOSTYLIS","no"
"CROTALARIA","no"
"CROTON","yes"
"CRYPTOCARYA","no"
"CRYPTOLEPIS","no"
"CRYPTOMERIA","no"
"CRYPTOMONAS","yes"
"CRYPTOSTEGIA","no"
"CRYPTOSTYLIS","no"
"CRYSTOPHORA","yes"
"CUCUBALUS","yes"
"CUCUMARIA","yes"
"CUCUMIS","no"
"CUCURBITA","no"
"CUDRANIA","yes"
"CULLUMIA","no"
"CUNNINGHAMIA","no"
"CUNURIA","yes"
"CUPRESSUS","no"
"CURARIA","yes"
"CURCULIGO","no"
"CURCUMA","no"
"CUSPIDUM","yes"
"CUTLERIA","yes"
"CYANOPHYTA","yes"
"CYANOSTEGIA","no"
"CYATHOCLINE","no"
"CYATHULA","no"
"CYATHUS","yes"
"CYCLACHAENA","yes"
"CYCLAMEN","yes"
"CYCLEA","no"
"CYCLOBIUM","yes"
"CYDONIA","no"
"CYLICODISCUS","no"
"CYMARA","yes"
"CYMBALARIA","no"
"CYMBELLA","yes"
"CYMBIDIUM","no"
"CYMBOPOGON","no"
"CYMOPHOLIA","yes"
"CYMOPTERUS","no"
"CYNANCHUM","no"
"CYNARA","no"
"CYNESPORA","yes"
"CYNOGLOSSUM","no"
"CYNOMETRA","no"
"CYNOSEIRA","yes"
"CYNURA","yes"
"CYPERUS","no"
"CYPHOLOPHUS","no"
"CYPHOMANDRA","no"
"CYRTANTHUS","no"
"CYSTOSIERA","yes"
"CYTINUS","no"
"CYTISUS","no"
"DACRYDIUM","no"
"DACRYMYCES","yes"
"DACTYLARIA","yes"
"DACTYLINA","yes"
"DACTYLOCAPNOS","yes"
"DAEDAELIA","yes"
"DAEMONOROPS","no"
"DAHLIA","yes"
"DALBERGIA","no"
"DALEA","no"
"DAMNACANTHUS","no"
"DANAIS","no"
"DANIELLA","yes"
"DAPHNANDRA","no"
"DAPHNE","yes"
"DAPHNIPHYLLUM","no"
"DARLINGIA","no"
"DARWINIA","yes"
"DATISCA","no"
"DATURA","no"
"DATURICARPA","yes"
"DAUCUS","no"
"DAVALLIA","no"
"DAVIDSONIA","no"
"DECACHAETA","no"
"DECALEPSIS","yes"
"DECODON","no"
"DELESSERIA","yes"
"DELIA","yes"
"DELISEA","yes"
"DELONIX","no"
"DELPHINIUM","yes"
"DENDRANTHEMA","no"
"DENDROBIUM","no"
"DENNSTAEDTIA","no"
"DENTARIA","yes"
"DERMOCYBE","yes"
"DERRIS","yes"
"DESMARESTIA","yes"
"DESMIA","yes"
"DESMODIUM","no"
"DESMONCUS","no"
"DESMOS","no"
"DEUTZIA","no"
"DIALIUM","no"
"DIANELLA","no"
"DIANTHUS","no"
"DICENTRA","no"
"DICHAPETCHUM","yes"
"DICHROA","no"
"DICHROSTACHYS","no"
"DICOMA","no"
"DICORIA","no"
"DICRANOSTIGMA","no"
"DICTAMNUS","no"
"DICTYOPHLEBA","no"
"DICTYOPTERIS","no"
"DICTYOSTELUM","yes"
"DICTYOTA","yes"
"DIDYMOCARPUS","no"
"DIDYMOSALPINX","no"
"DIGITALIS","yes"
"DILLENIA","no"
"DILOPHUS","yes"
"DIMELAENA","yes"
"DIMEROSTEMMA","no"
"DIMORPHOTHECA","no"
"DIOSCOREA","no"
"DIOSCOREOPHYLLUM","no"
"DIOSPYROS","no"
"DIOTIS","yes"
"DIPHASIA","yes"
"DIPHYSA","no"
"DIPIDAX","yes"
"DIPLAZIUM","no"
"DIPLOCUSIA","yes"
"DIPLODIA","yes"
"DIPLOKNEMA","no"
"DIPLOPAPPUS","no"
"DIPLOPHYLLUM","no"
"DIPLOPTERYGIUM","no"
"DIPLORRHYNCHUS","yes"
"DIPSACUS","no"
"DIPTEROCARPUS","no"
"DIRCA","no"
"DISCARIA","no"
"DISTEMONANTHUS","no"
"DISYNAPHIA","no"
"DITTRICHIA","no"
"DOCYNIOPSIS","yes"
"DODONAEA","no"
"DOLICHOS","no"
"DOLICHOTHELE","yes"
"DOREMA","no"
"DORONICUM","no"
"DORSTENIA","no"
"DORYPHORA","no"
"DRACAENA","no"
"DRACOCEPHALUM","no"
"DRACONTOMELUM","yes"
"DREGEA","no"
"DRIMYS","no"
"DROSERA","no"
"DROSOPHILA","yes"
"DRYADODAPHNE","no"
"DRYMARIA","no"
"DRYOBALANOPS","no"
"DRYOPHANTA","yes"
"DRYOPTERIS","no"
"DUBOISIA","no"
"DUGALDIA","no"
"DUGESIA","no"
"DUGUETIA","no"
"DULACEA","yes"
"DUMORIA","yes"
"DUNALIA","no"
"DURANTA","no"
"DYERA","no"
"DYNAMENA","yes"
"DYSOXYLON","yes"
"DYSSODIA","no"
"ECBALLIUM","no"
"ECHEVERIA","no"
"ECHINACEA","no"
"ECHINOCEREUS","no"
"ECHINOCHLOA","no"
"ECHINOCYSTIS","no"
"ECHINODONTIUM","yes"
"ECHINOPS","no"
"ECHITES","no"
"ECHIUM","no"
"ECHUDOSOPHORA","yes"
"ECKLONIA","yes"
"ECLIPTA","no"
"EDGEWORTHIA","no"
"EGERIA","yes"
"EHRETIA","no"
"EKEBERGIA","no"
"ELAEAGNUS","no"
"ELAEIS","no"
"ELAEOCARPUS","no"
"ELAEODENDRON","no"
"ELAEOSELENUM","yes"
"ELEAGIA","yes"
"ELEOCHARIS","no"
"ELEPHANTOPUS","no"
"ELEUTHERINE","no"
"ELMERILLIA","yes"
"ELODEA","yes"
"ELSHOLTZIA","no"
"ELVIRA","yes"
"EMBELIA","no"
"EMILIA","yes"
"EMMENOSPERMUM","yes"
"EMMOTUM","no"
"ENANTIA","yes"
"ENCELIA","no"
"ENCELIOPSIS","no"
"ENDIANDRA","no"
"ENGLERASTRUM","yes"
"ENHYDRA","yes"
"ENICOSTEMMA","yes"
"ENKIANTHUS","no"
"ENTADA","no"
"ENTANDROPHRAGMA","no"
"EPANORA","yes"
"EPERUA","no"
"EPHEDRA","no"
"EPIGAEA","no"
"EPILOBIUM","no"
"EPIMEDIUM","no"
"EPITHELANTHA","no"
"EQUISETUM","no"
"ERANTHIS","no"
"ERECHTITES","no"
"EREMANTHUS","no"
"EREMOCARPUS","yes"
"EREMOPHILA","no"
"EREMOSPARTON","no"
"EREMOSTACHYS","no"
"EREMURUS","no"
"ERICA","yes"
"ERICAMERIA","no"
"ERIGERON","no"
"ERIODERMA","yes"
"ERIODICTYON","no"
"ERIOLEANA","yes"
"ERIOPHYLLUM","no"
"ERIOSTEMON","no"
"ERLANGEA","no"
"ERVATAMIA","yes"
"ERYMANTHUS","yes"
"ERYNGIUM","no"
"ERYSIMUM","no"
"ERYTHRAEA","yes"
"ERYTHROCHITON","no"
"ERYTHRONIUM","no"
"ERYTHROPHLEUM","no"
"ERYTHROXYLON","yes"
"ESCHSCHOLTZIA","yes"
"ESCOBEDIA","no"
"ESPELETIA","no"
"ESPELETIOPSIS","no"
"ESPOSTOA","no"
"ETHULIA","no"
"EUCALYPTUS","no"
"EUCHARIS","no"
"EUCHRESTA","no"
"EUCLEA","no"
"EUCOMIS","no"
"EUCOMMIA","no"
"EUGENIA","yes"
"EUGLENA","yes"
"EUMORPHA","yes"
"EUONYMUS","no"
"EUPATORIADELPHUS","yes"
"EUPATORIUM","no"
"EUPHORBIA","no"
"EUPHRASIA","no"
"EUPOMATIA","no"
"EUPTELEA","no"
"EURYCLES","yes"
"EURYCOMA","no"
"EURYOPS","no"
"EUSCAPHIS","no"
"EUSTOMA","no"
"EUTREPTIELLA","yes"
"EUXYLOPHORA","no"
"EVERNIA","yes"
"EVODIA","no"
"EXCOECARIA","no"
"FABIANA","yes"
"FAGARA","yes"
"FAGAROPSIS","no"
"FAGONIA","no"
"FAGOPYRUM","no"
"FAGUS","no"
"FALCARIA","no"
"FALKENBERGIA","yes"
"FARADAYA","no"
"FARAMEA","no"
"FARFUGIUM","no"
"FATSIA","no"
"FELICIA","yes"
"FERETIA","no"
"FERREIRA","yes"
"FERREYANTHUS","yes"
"FERULA","no"
"FERULAGO","no"
"FESTUCA","no"
"FIBRAURIA","yes"
"FICARIA","no"
"FICUS","yes"
"FILIFOLIUM","no"
"FILIREA","yes"
"FIMBRISTYLIS","no"
"FISSISTIGMA","no"
"FITZROYA","no"
"FLACOURTIA","no"
"FLAVERIA","no"
"FLEISCHMANNIA","no"
"FLEMINGIA","no"
"MOGHANIA","no"
"FLINDERSIA","no"
"FLOURENSIA","no"
"FLUEGGEA","no"
"FOENICULUM","no"
"FOKIENIA","no"
"FOMES","yes"
"FOMITOPSIS","yes"
"FONTANESIA","no"
"FORSYTHIA","no"
"FOUQUIERA","yes"
"FRANSERA","yes"
"FRASERA","no"
"FRAXINUS","no"
"FRITILLARIA","no"
"FRITSCHIELLA","yes"
"FRUCTUS","yes"
"FRULLANIA","no"
"FUCHSIA","yes"
"FUCUS","yes"
"FULGENSIA","yes"
"FUMARIA","no"
"FUNARIA","no"
"FUNKIA","yes"
"FUNTUMIA","no"
"FURCELLARIA","yes"
"FURCRAEA","no"
"FUSARIUM","yes"
"FUSCUS","yes"
"FUSIDIUM","yes"
"GABNERIA","yes"
"GABUNIA","yes"
"GAILLARDIA","no"
"GALANTHUS","no"
"GALEGA","no"
"GALEOPSIS","no"
"GALIPEA","no"
"GALIUM","no"
"GANARIUM","yes"
"GANODERMA","yes"
"GARCINIA","no"
"GARDENIA","no"
"GARDNERIA","no"
"GARRYA","no"
"GARULEUM","no"
"GASCARDIA","yes"
"GASTROLOBIUM","no"
"GAULTHERIA","no"
"GAZANIA","no"
"GEIJERA","no"
"GEISSOSPERMUM","no"
"GELONIUM","no"
"GELSEMIUM","no"
"GENIPA","no"
"GENISTA","no"
"GENTIANA","no"
"GERAEA","no"
"GERANIUM","yes"
"GEOFFROEA","no"
"GERBERA","no"
"GEUM","no"
"GIGARTINA","yes"
"GILMANIELLA","yes"
"GINKGO","yes"
"GINSENG","yes"
"GIRGENSOHNIA","no"
"GLAUCIDIUM","no"
"GLAUCIUM","no"
"GLEDITSIA","no"
"GLIRICIDIA","no"
"GLOBULARIA","no"
"GLOCHIDON","yes"
"GLOMERIS","yes"
"GLORIOSA","no"
"GLOSSOCALYX","no"
"GLOSSOGYNE","no"
"GLYCINE","yes"
"GLYCOSMIS","no"
"GLYCYRRHIZA","no"
"GMELINA","no"
"GNAPHALIUM","no"
"GNETUM","no"
"GNIDIA","no"
"GNOXYS","yes"
"GOCHNATIA","no"
"GOBBELIA","yes"
"GOMPHIDIUS","yes"
"GOMPHOCARPUS","no"
"GONIOMA","no"
"GONIOTHALAMUS","no"
"GONOCARYUM","no"
"GONOCLINIOPSIS","yes"
"GONYAULAX","yes"
"GOODENIA","no"
"GOSSYPIUM","no"
"GOYAZIANTHUS","no"
"GRANGEA","no"
"GRATIOLA","no"
"GRAZELIS","yes"
"GREVILLEA","no"
"GREWIA","no"
"GRIFFONIA","no"
"GRIFOLIA","yes"
"GRINDELIA","no"
"GRISELINIA","no"
"GROSSHEIMIA","yes"
"GROSSWEILERODENDRON","yes"
"GUAIACUM","no"
"GUAREA","no"
"GUATTERIA","no"
"GUAZUMA","no"
"GUETTARDA","no"
"GUEVARIA","no"
"GUIBORTIA","yes"
"GUILLONEA","no"
"GUMMIPHORA","yes"
"GUTIERREZIA","no"
"GYMINDA","no"
"GYMNACRANTHERA","no"
"GYMNEMA","no"
"GYMNOCARPIUM","no"
"GYMNOCLADA","yes"
"GYMNOCOLEA","no"
"GYMNOGONGRUS","yes"
"GYMNOMITRION","no"
"GYMNOSPERMA","yes"
"GYMNOSPERMIUM","no"
"GYMNOSPORIA","no"
"GYMNOSTEMMA","yes"
"XVIII","yes"
"XXXVI","yes"
"XXXVIII","yes"
"XLIII","yes"
"GYMNOSTROMA","yes"
"GYNANDROPSIS","yes"
"GYNOCARDIA","no"
"GYNURA","no"
"GYROMITRA","yes"
"GYPSOPHILA","no"
"GYROCARPUS","no"
"HABRANTHUS","no"
"HABROPETALUM","no"
"HAEMANTHUS","no"
"HAEMODORUM","no"
"HAEMATOMMA","yes"
"HAEMATOXYLON","yes"
"HALFORDIA","yes"
"HALIDONA","yes"
"HALIDRYS","yes"
"HALIMEDA","yes"
"HALIMIUM","no"
"HALLERIA","no"
"HALMIUM","yes"
"HALOSTACHYS","no"
"HALOZYLON","yes"
"HAMAMELIS","no"
"HAMELIA","no"
"HAMMARBYA","no"
"HANDELIA","no"
"HANNOA","no"
"HAPLOCARPHA","no"
"HAPLOPAPPUS","no"
"HAPLOPHYLLUM","no"
"HAPLOPHYTON","no"
"HAPLORMOSIA","no"
"HARDWICKIA","no"
"HARPAGOPHYTUM","yes"
"HARPEPHYLLUM","yes"
"HARPULLIA","no"
"HARRINGTONIA","yes"
"HARRISONIA","no"
"HARTWRIGHTIA","no"
"HARUNGANA","no"
"HAZUNTA","yes"
"HEBECLINIUM","no"
"HEBELOMA","yes"
"HECHTIA","no"
"HEDERA","no"
"HEDERANTHERA","yes"
"HEDLOMA","yes"
"HEDWIGIA","yes"
"HEDYCARYA","no"
"HEDICHIUM","yes"
"HEDYOTIS","no"
"HEDYSARUM","no"
"HEIMIA","no"
"HELENIUM","no"
"HELIABRAVOA","yes"
"HELIANTHELLA","no"
"HELIANTHUS","no"
"HELICHRYSUM","no"
"HELICIA","no"
"HELICOBASIDIUM","yes"
"HELIETTA","no"
"HELIOPSIS","no"
"HELIOTROPIUM","no"
"HELLEBORUS","no"
"HELMINTHOSPORIUM","yes"
"HELMINTHOSTACHYS","no"
"HELVELLA","yes"
"HEMANDIA","yes"
"HEMEROCALLUS","yes"
"HEMIARIA","yes"
"HEMIDESMUS","no"
"HEMISELMIS","yes"
"HEMIZONIA","no"
"HEMSLEYA","no"
"HERACLEUM","no"
"HERBA","yes"
"HERNANDIA","no"
"HERNIARIA","no"
"HESPERATHUSA","yes"
"HESPERIS","no"
"HETEROCHORDARIA","yes"
"HETEROCONDYLUS","no"
"HETERODEA","yes"
"HETERODENDRON","yes"
"HETEROSMILAX","no"
"HETEROTHALAMUS","no"
"HETEROTHECA","no"
"HETEROTROPHA","yes"
"HEVEA","no"
"HEXALOBUS","no"
"HEYNEA","no"
"HIBISCUS","no"
"HIERACIUM","no"
"HIMANTANDRA","yes"
"HIMANTHALIA","yes"
"HINTERHUBERA","no"
"HIPPEASTRUM","no"
"HIPPOCRATEA","no"
"HIPPOMANE","no"
"HIPPOPHAE","yes"
"HIRSCHFELDIA","no"
"HISTIOPTERIS","no"
"HODGKINSONIA","no"
"HOLARRHENA","no"
"HOLODEIMA","yes"
"HOLOPTELEA","no"
"HOLOSTACHYS","yes"
"HOLOTHURIA","yes"
"HOMALIUM","no"
"HOMERIA","yes"
"HOMOGYNE","no"
"HOPEA","no"
"HORDEUM","no"
"HORTIA","no"
"HOSTA","no"
"HOVEA","no"
"HOVENIA","no"
"HOYA","no"
"HUMBERTIA","no"
"HUMIRIANTHERA","yes"
"HUMULUS","no"
"HUNNEMANNIA","no"
"HUNTERIA","no"
"HUPERZIA","no"
"HURA","yes"
"HYBANTHUS","no"
"HYDNOCARPA","yes"
"HYDRANGEA","no"
"HYDRASTIS","yes"
"HYDROCOTYLE","no"
"HYELLA","yes"
"HYAENANCHE","no"
"HYGROPHOROPSIS","yes"
"HYLOCOMIUM","no"
"HYMENAEA","no"
"HYMENOCALLIS","no"
"HYMENOCARDIA","no"
"HYMENOCLEA","no"
"HYMENODICTYON","no"
"HYMENOXYS","no"
"HYOSCYAMUS","no"
"HYPECOUM","no"
"HYPERICUM","no"
"HYPHOLOMA","yes"
"HYPNEA","yes"
"HYPOCHOERIS","no"
"HYPODEMATIUM","no"
"HYPOESTES","no"
"HYPOGYMNIA","yes"
"HYPOLEPIS","no"
"HYPOXIS","no"
"HYPOXYLON","yes"
"HYSSOPUS","no"
"HYPTIS","no"
"HYSTERIOPSIS","yes"
"IANTHELLA","yes"
"IBERIS","no"
"IBOZA","yes"
"ICACINA","no"
"ICHTHYOTHERE","no"
"IGNATIA","yes"
"ILEX","yes"
"ILLICIUM","yes"
"ILLIGERA","no"
"IMPATIENS","yes"
"IMPERATA","no"
"INCARVILLEA","no"
"INDIGOFERA","no"
"INERTIA","yes"
"INEZIA","no"
"INOLOMA","yes"
"INONOTUS","yes"
"INULA","no"
"IPHIGENIA","yes"
"IPHIONA","no"
"IPOMOEA","no"
"IRESINE","no"
"IRIS","yes"
"IRYANTHERA","no"
"ISMENE","yes"
"ISOCARPHA","no"
"ISOCOMA","no"
"ISODON","no"
"ISOLONA","no"
"ISOMOPSIS","yes"
"ISOPLEXIS","yes"
"ISOPYRUM","no"
"ISOTOMA","no"
"ITEA","no"
"IVA","yes"
"IXORA","no"
"JABOROSA","no"
"JACARANDA","yes"
"JACQUINIA","no"
"JAMESONIA","no"
"JASMINUM","no"
"JASONIA","no"
"JATEORHIZA","no"
"JATROPHA","no"
"JAVA","yes"
"JUGLANS","no"
"JULBERNARDIA","no"
"JULOCROTON","yes"
"JUNCUS","no"
"JUNGERMANNIA","no"
"JUNGIA","no"
"JUNIPERUS","no"
"JURINEA","no"
"JUSTICIA","no"
"KADSURA","no"
"KALANCHOE","no"
"KALLSTROEMIA","no"
"KALMIA","yes"
"KALOPANAX","no"
"KAUNEA","yes"
"KAYEA","no"
"KENTROPHYLLUM","no"
"KHAYA","no"
"KIBATALIA","no"
"KICKXIA","no"
"KIELMEYERA","no"
"KIGELIA","yes"
"KINGIELLA","yes"
"KLEINIA","no"
"KNAUTIA","no"
"KNEMA","no"
"KNIGHTIA","yes"
"KOANOPHYLLON","no"
"KOELREUTERIA","no"
"KOKOONA","yes"
"KOMAROVIA","yes"
"KOPSIA","no"
"KOROLKOWIA","yes"
"KRAMERIA","no"
"KREYSIA","yes"
"KYDIA","no"
"LABURNUM","yes"
"LACHENALIA","no"
"LACHNANTHES","no"
"LACTARIUS","yes"
"LACTUCA","yes"
"LACTUCARIUM","yes"
"LADYGINIA","no"
"LAETREA","yes"
"LAGASCEA","no"
"LAGENARIA","no"
"LAGERSTROEMIA","yes"
"LAGGERA","no"
"LAGOCHILUS","no"
"LALLEMANTIA","no"
"LAMIASTRUM","yes"
"LAMINARIA","yes"
"LAMIUM","no"
"LAMPROLOBIUM","no"
"LANSIUM","yes"
"LANTANA","no"
"LANUROCERASUS","yes"
"LAPPULA","no"
"LARIX","yes"
"LARREA","no"
"LASALLIA","yes"
"LASER","yes"
"LASERPITIUM","no"
"LASIANTHERA","no"
"LASIOCORYS","yes"
"LASIODISCUS","no"
"LASIOLAENA","no"
"LASIOSPERMUM","no"
"LASTREA","no"
"LATHAEA","yes"
"LATHYRUS","no"
"LAUNAEA","no"
"LAUREALIA","yes"
"LAURENCIA","yes"
"LAURUS","no"
"LAVANDULA","no"
"LAWSONIA","no"
"LECANORA","yes"
"LECCENORA","yes"
"LECCINUM","yes"
"LECIDEA","yes"
"LEDEBOURIELLA","yes"
"LEDUM","no"
"LEGNEPHORA","yes"
"LEMAIREOCEREUS","no"
"LEMMAPHYLLUM","no"
"LEMNA","no"
"LENS","yes"
"LENTINUS","yes"
"LENZITES","yes"
"LEONOTIS","no"
"LEONTICE","no"
"LEONURUS","no"
"LEPIDOCORYPHANTHA","yes"
"LEPIDOPHORUM","no"
"LEPIDOSPARTIUM","yes"
"LEPIDOTRICHILIA","no"
"LEPIDOZIA","no"
"LEPISTA","yes"
"LEPRA","yes"
"LEPRARIA","yes"
"LEPTACTINIA","yes"
"LEPTADENIA","no"
"LEPTINOTARSA","yes"
"LEPTOLAENA","no"
"LEPTORHABDOS","no"
"LEPTOSPERMUM","no"
"LEPTOSTIGMA","no"
"LESPEDEZA","no"
"LESQUERELLA","no"
"LETHARIA","yes"
"LEUCAENA","no"
"LEUCANTHEMELLA","no"
"LEUCANTHEMOPSIS","no"
"LEUCANTHEMUM","no"
"LEUCOCARPUS","no"
"LEUCOCENDRON","yes"
"LEUCOJUM","no"
"LEUCOPAXILLUS","yes"
"LEUCOSCEPTRUM","no"
"LEUCOSPERMUM","no"
"LEUCOTHOE","no"
"XVIII","yes"
"LEVISTICUM","no"
"LIABUM","no"
"LIATRIS","no"
"LIBANOTIS","no"
"LIBOCEDRUS","no"
"LIBOTHAMNUS","yes"
"LICARIA","no"
"LIDBECKIA","no"
"LIGULARIA","no"
"LIGUSTICUM","no"
"LIGUSTRUM","no"
"LILIUM","no"
"LIMACIA","no"
"LINACIOPSIS","yes"
"LINANTHEMUM","yes"
"LINARIA","no"
"LINDBERGIA","no"
"LINDELOFIA","no"
"LINDERA","no"
"LINDHEIMERA","no"
"LINEARIS","yes"
"LIPARIS","no"
"LIPPIA","no"
"LIQUIDAMBER","yes"
"LIRIODENDRON","no"
"LITCHIA","yes"
"LITHOCARPUS","no"
"LITHOSPERMUM","no"
"LITSEA","no"
"LITTORIA","yes"
"LOBARIA","yes"
"LOBELIA","no"
"LOBESIA","yes"
"LOBIVIA","no"
"LOCHNERA","yes"
"LOLIUM","no"
"LOMARTIUM","yes"
"LOMATHOGONIUM","yes"
"LONCHOCARPUS","no"
"LONICERA","no"
"LOPHOCEREUS","no"
"LOPHOLAENA","no"
"LOPHOMYRTUS","no"
"LOPHOPHORA","no"
"LORANTHUS","no"
"LOROGLOSSUM","no"
"LOROSTEMON","no"
"LOTUS","yes"
"LUDWIGIA","no"
"LUFFA","no"
"LUFFARIELLA","yes"
"LUNARIA","no"
"LUNASIA","yes"
"LUNULARIA","no"
"LUPINUS","no"
"LYCEUM","yes"
"LYCHIUM","yes"
"LYCHNOPHORA","no"
"LYCICHITUM","yes"
"LYCIUM","no"
"LYCOPERSICON","no"
"LYCOPODIUM","yes"
"LYCORIS","no"
"LYGODIUM","no"
"LYNGBYA","yes"
"LYONIA","no"
"LYSICHITON","no"
"LYTHRUM","no"
"LYTTA","yes"
"MAACKIA","no"
"MACARANGA","no"
"MACFADYENA","yes"
"MACHAERANTHERA","no"
"MACHAERIUM","no"
"MACHAEROCEREUS","yes"
"MACHILUS","no"
"MACKLINAYA","yes"
"MACLURA","no"
"MACOWANIA","no"
"MACROCYSTIS","yes"
"MACROPIPER","no"
"MACRORUNGIA","yes"
"MACROTOMIA","yes"
"MACROZAMIA","no"
"MACUNA","yes"
"MADHUCA","no"
"MAESA","no"
"MAGNOLIA","no"
"MAGUEY","yes"
"MAGYDARIS","yes"
"MAHONIA","no"
"MAJIDEA","no"
"MAJORANA","yes"
"MAKINOA","no"
"MALABAILA","no"
"MALACOCARPUS","no"
"MALAPROUNEA","yes"
"MALAXIS","no"
"MALLOTUS","no"
"MALOUETIA","no"
"MALUS","no"
"MALVA","yes"
"MAMMEA","no"
"MANDRAGORA","no"
"MANFREDA","no"
"MANGIFERA","no"
"MANILA","yes"
"MANILKARA","no"
"MANNIA","no"
"MANSONIA","no"
"MAPPIA","no"
"MARAH","no"
"MARASMIUS","yes"
"MARCHANTIA","no"
"MARGINOSPORUM","yes"
"MARGOTIA","yes"
"MARKHAMIA","no"
"MARRUBIUM","no"
"MARSDENIA","no"
"MARSILIA","yes"
"MARSUPELLA","no"
"MARTENSIA","yes"
"MATRICARIA","no"
"MATTEUCIA","yes"
"MATTHIOLA","no"
"MAYACA","no"
"MAYTENUS","no"
"MECANOPSIS","yes"
"MEDICAGO","no"
"MEDICOSMA","no"
"MEIOCARPUM","yes"
"MELALEUCA","no"
"MELAMPODIUM","no"
"MELAMPYRUM","no"
"MELANDRUM","yes"
"MELANOSELENIUM","yes"
"MELANOXYLON","no"
"MELASMA","no"
"MELASTOMA","no"
"MELIA","no"
"MELIANTHUS","yes"
"MELICOPE","no"
"MELILOTUS","no"
"MELINIS","no"
"MELISSA","yes"
"MELITTIS","no"
"MELOCHIA","no"
"MELODINUS","no"
"MENEGAZZIA","yes"
"MENISPERMUM","no"
"MENTHA","no"
"MENTZELIA","no"
"MENYANTHES","no"
"MERATIA","yes"
"MERCURIALIS","no"
"MERENDERA","no"
"MERIANDRA","no"
"MERILLIA","yes"
"MERISTROTROPIS","yes"
"MESEMBRYANTHEMUM","no"
"MESPILUS","no"
"MESUA","no"
"METANARTHECIUM","no"
"METAPLEXIS","no"
"METASEQUOIA","no"
"METROSIDEROS","no"
"METZGERIA","no"
"MICARIA","yes"
"MICHELIA","no"
"MICRANDROPSIS","no"
"MICROCIONA","yes"
"MICROGLOSSA","no"
"MICROLEPIS","no"
"MICROMELUM","no"
"MICROMERIS","yes"
"MICROPLUMERIA","no"
"MIKANIA","no"
"MILLETIA","yes"
"MIMOSA","yes"
"MIMULUS","no"
"MIMUSOPS","no"
"MINNEOLA","yes"
"MIOPORUS","yes"
"MIRABILIS","no"
"MITRAGYNA","no"
"MNIOBRYUM","no"
"MOCHIA","yes"
"MOGHANIA","no"
"MOLLUGO","no"
"MOMORDICA","no"
"MONACHOSORUM","no"
"MONARDA","no"
"MONASCUS","yes"
"MONECHMA","no"
"MONNIERA","no"
"MONOCLEA","yes"
"MONODORA","no"
"MONOGYNE","yes"
"MONOMORIUM","yes"
"MONOTROPA","no"
"MONTANOA","no"
"MOQUINEA","yes"
"MORA","yes"
"MORAEA","no"
"MORARDA","yes"
"MORCHELLA","yes"
"MORINDA","no"
"MORITHAMNUS","no"
"MORONOBEA","no"
"MORTONIA","no"
"MORUS","no"
"MOSTEA","yes"
"MUCUNA","no"
"MUEHLENBECKIA","no"
"MUNCUNA","yes"
"MUNDULEA","no"
"MUNNOZIA","no"
"MUNTAFERA","yes"
"MURRAYA","no"
"MUSA","yes"
"MUSANGA","yes"
"MUSCARI","no"
"MUSSAENDA","no"
"MUTISIA","no"
"MYCENA","yes"
"MYCOCALIA","yes"
"MYLIA","no"
"MYOPORUM","no"
"MYRCIA","no"
"MYRIANTHUS","no"
"MYRICA","no"
"MYRICARIA","no"
"MYRISTICA","no"
"MYROXYLON","no"
"MYRRHIS","no"
"MYRTILLOCACTUS","no"
"MYRTOPSIS","yes"
"MYRTUS","no"
"MYXOPHYTA","yes"
"MYZODENDRON","yes"
"NAEMATOLOMA","yes"
"NANDINA","no"
"NANOPHYTON","no"
"NAPOLEONAEA","no"
"NARCISSUS","yes"
"NARDIA","no"
"NARDOSMIA","yes"
"NARDOSTACHYS","no"
"NARTHECIUM","no"
"NAUCLEA","no"
"NAUMBERGIA","yes"
"NAVANAX","yes"
"NAVICULA","yes"
"NECTANDRA","no"
"NEISOSPERMA","yes"
"NELUMBO","no"
"NEMALION","yes"
"NEMUARON","no"
"NEOCALLITROPIS","yes"
"NEOCHAMAELEA","no"
"NEOLITSEA","no"
"NEOLLOYDIA","no"
"NEORAUTANENIA","no"
"NEPETA","no"
"NERINE","no"
"NERIUM","no"
"NERVILIA","no"
"NEUROLAENA","no"
"NEUROSPORA","yes"
"NEWCASTELIA","no"
"NICANDRA","no"
"NICOTIANA","no"
"NIDORELLA","no"
"NIGELLA","no"
"NITRARIA","no"
"NOLINA","no"
"NOTHOFAGUS","no"
"NOTHOLAENA","no"
"NOTONIA","no"
"NUMMULARIA","no"
"NUPHAR","no"
"NYCTANTHES","no"
"NYMANIA","yes"
"NYMPHAEA","no"
"OCHROCARPUS","yes"
"OCHROSIA","no"
"OCHTODES","yes"
"OCIMUM","no"
"OCOTEA","no"
"ODONTEA","yes"
"ODONTITES","no"
"OENANTHE","no"
"OENOTHERA","no"
"OIDIODENDRON","yes"
"OKOUBAKA","yes"
"OLAX","no"
"OLDENLANDIA","no"
"OLEA","yes"
"OLEANDRA","no"
"OLEARIA","no"
"OLEUM","yes"
"OLIVIA","yes"
"ONCINOTIS","no"
"ONOBRYCHIS","no"
"ONOCERIS","yes"
"ONOCLEA","no"
"ONONIS","no"
"ONOPORDON","yes"
"ONOSMA","no"
"ONYCHIUM","no"
"OPERCULINA","no"
"OPHIOGLOSSUM","no"
"OPHIOPOGON","no"
"OPHIORRHIZA","no"
"OPHOSORIA","yes"
"OPHYROSPORUS","yes"
"OPLOPANAX","no"
"OPUNTIA","no"
"ORCHIS","no"
"ORICIA","yes"
"DIMERIC QUINOLONE","yes"
"ORICIOPSIS","yes"
"ORIGANUM","no"
"ORIXA","no"
"ORLANDO","yes"
"ORMENSIS","yes"
"ORMOSIA","no"
"ORNITHOGLOSSUM","no"
"OROBANCHE","no"
"OROBUS","no"
"OROXYLUM","no"
"ORTHENTHERA","yes"
"ORTHOPRETYGIUM","yes"
"ORTHOSIPHON","no"
"ORTHOSPHENIA","no"
"ORYCTES","yes"
"ORYZA","no"
"OSCILLATORIA","yes"
"OSMANTHUS","no"
"OSMITOPSIS","no"
"OSMUNDA","no"
"OSTEOSPERMUM","no"
"OSTODES","no"
"OSTRYODERIA","yes"
"OSYRIS","no"
"OTANTHUS","no"
"OTHONNA","no"
"OUROUPARIA","yes"
"OXALIS","no"
"OXYCOCCUS","no"
"OXYSTIGMA","no"
"OXYTROPIS","no"
"PACHYCARPUS","no"
"PACHYCEREUS","no"
"PACHYDICTYON","yes"
"PACHYGONE","no"
"PACHYPODANTHIUM","yes"
"PACHYRRHIZUS","yes"
"PACHYSANDRA","yes"
"PAEDERIA","no"
"PAEONIA","no"
"PAGIANTHA","yes"
"PAJANELIA","no"
"PALEFOXIA","yes"
"PALAQUIM","yes"
"PALICOURIA","yes"
"PALYTHOA","yes"
"PANACIS","yes"
"PANAX","no"
"PANCRATIUM","no"
"PANDA","yes"
"PANDACA","yes"
"PANELLUS","yes"
"PANGIUM","yes"
"PANICUM","yes"
"PAPAVER","no"
"PAPUACEDRUS","no"
"PARABENZOIN","yes"
"PARACARYUM","no"
"PARACOFFEA","no"
"PARACYNOGLOSSUM","yes"
"PARAGEUM","no"
"PARASTREPHIA","no"
"PARAVALLARIS","yes"
"PARENTUCELLA","no"
"PARIS","yes"
"PARMELIA","yes"
"PARMOTREME","yes"
"PARNARA","yes"
"PARQUETINA","yes"
"PARSONIA","yes"
"PARTHENIUM","no"
"PASANIA","yes"
"PASPALIUM","yes"
"PASSIFLORA","no"
"PASTINACA","no"
"PASTINACOPSIS","yes"
"PATAGONULA","yes"
"PATENA","yes"
"PATRINIA","no"
"PAULLINIA","no"
"PAULOWNIA","no"
"PAURIDIANTHA","no"
"PAUSINYSTALIA","no"
"PAVETTA","no"
"PAVONIA","no"
"PAXILLUS","yes"
"PECHUEL-LOESCHEA","no"
"PECTUMCULUS","yes"
"PEDICULARIS","no"
"PEGANUM","no"
"PEGOLETTIA","no"
"PELARGONIUM","no"
"PELLIA","no"
"PELTIGERA","yes"
"PELTOBOYKINIA","no"
"PELTOPHORUM","no"
"PELTOPHYLLUM","no"
"PELVETIA","yes"
"PENIOCEREUS","no"
"PENIOPHORA","yes"
"PENSTEMON","no"
"PENTACERAS","no"
"PENTACLETHRA","no"
"PENTADESMA","no"
"PENTADIPLANDRA","no"
"PENTAPHALANGIUM","yes"
"PENTZIA","no"
"PEREIRA","yes"
"PERESKIA","no"
"PEREZIA","no"
"PERGULARIA","no"
"PERIANDRA","no"
"PERICOPSIS","no"
"PERIDINIUM","yes"
"UTEX","yes"
"UTEX","yes"
"PERILLA","yes"
"PERIPENTADENIA","yes"
"PERIPLOCA","no"
"PERIPTERYGIA","no"
"PERITASSA","no"
"PERNETTYA","no"
"PEROVSKIA","no"
"PERSCIA","yes"
"PERSOONIA","no"
"PERTUSARIA","yes"
"PERTYA","no"
"PERYMENIUM","no"
"PESCHIERA","yes"
"PETALOSTYLIS","no"
"PETASITES","no"
"PETCHIA","no"
"PETERAVANIA","yes"
"PETILIUM","yes"
"PETROSELINUM","no"
"PETTERIA","no"
"PETUNIA","no"
"PEUCEDANUM","no"
"PEUCEPHYLLUM","no"
"PEUMUS","no"
"PFAFFIA","no"
"PHAEANTHUS","no"
"PHALAENOPSIS","no"
"PHALARIS","no"
"PHALLINUS","yes"
"PHARBITIS","no"
"PHASCOLION","yes"
"PHASEOLUS","no"
"PHEBALIUM","no"
"PHEGOPTERIS","no"
"PHELLINE","yes"
"PHELLINUS","yes"
"PHELLODENDRON","no"
"PHELLOPTERUS","no"
"PHILLIPSIA","yes"
"PHILLYREA","no"
"PHLOJODICARPUS","no"
"PHLOMIS","no"
"PHLOX","no"
"PHOEBE","yes"
"PHOENIX","yes"
"PHOLIDOTA","no"
"PHOLIOTA","yes"
"PHOMA","yes"
"PHORMIUM","no"
"PHOTINIA","no"
"PHRYMA","no"
"PHYLICA","no"
"PHYLLANTHUS","no"
"PHYLLANTHRON","yes"
"PHYLLOCLADUS","no"
"PHYLLODOCE","no"
"PHYLLOGEITON","yes"
"PHYLLOSPADIX","no"
"PHYLLOSTACHYS","no"
"PHYMASPERMUM","no"
"PHYSALIS","no"
"PHYSCIA","yes"
"PHYSOCHLAINA","no"
"PHYSOSTIGMA","no"
"PHYTOLACCA","no"
"PICEA","no"
"PICRADENIOPSIS","no"
"PICRALIMA","no"
"PICRAMNIA","no"
"PICRASMA","no"
"PICRIS","no"
"PICRIDIUM","yes"
"PICROLEMMA","no"
"PICRORHIZA","yes"
"PIERIS","no"
"PIERREODENDRON","no"
"PILGERODENDRON","no"
"PILOCARPUS","no"
"PILOCEREUS","no"
"PILOPLEURA","no"
"PIMELEA","no"
"PIMPINELLA","no"
"PINELLIA","no"
"PINGUICULA","no"
"PINUS","no"
"PIPER","yes"
"PIPTADENIA","no"
"PIPTANTHUS","no"
"PIPTOCALYX","yes"
"PIPTOCARPHA","no"
"PIPTOLEPIS","no"
"PIPTOPORUS","yes"
"PIPTOTRIX","yes"
"PIQUIERA","yes"
"PISCIDIA","no"
"PISOLITHUS","yes"
"PISTACIA","no"
"PISUM","no"
"PITARIA","yes"
"PITHECILLOBIUM","yes"
"PITHECOLOBIUM","yes"
"PITTOSPORUM","no"
"PITURANTHUS","yes"
"PITYRODIA","no"
"PITYROGRAMMA","no"
"PLACODIUM","yes"
"PLAGIOCHILA","no"
"PLANALTOA","no"
"PLANCHONELLA","no"
"PLANCHONIA","no"
"PLANCKIA","yes"
"PLANTAGO","no"
"PLATANUS","no"
"PLATHYNEMIA","yes"
"PLATISMATIA","yes"
"PLATITENIA","yes"
"PLATONIA","no"
"PLATYCARYA","no"
"PLATYCODON","no"
"PLATYDESMA","yes"
"PLATYMISCIUM","no"
"PLATYTAENIA","no"
"PLECTANIA","yes"
"PLECTOCOMIOPSIS","no"
"PLECTRANTHUS","no"
"PLEIOCARPA","no"
"PLEIOSPERMUM","yes"
"PLENASIUM","yes"
"PLEOCARPUS","yes"
"PLEOPELTIS","no"
"PLEUROCORONIS","no"
"PLEUROSPERMUM","no"
"PLEUROSTYLA","yes"
"PLEUROTUS","yes"
"PLOCAMIUM","yes"
"PLUCHEA","no"
"PLUMBAGO","yes"
"PLUMIERA","yes"
"PODALYRIA","no"
"PODANTHUS","no"
"PODOCARPUS","no"
"PODOCHAENIUM","yes"
"PODOPETALUM","yes"
"PODOPHYLLUM","yes"
"POGONOPUS","no"
"POGOSTEMON","no"
"POINSETTIA","yes"
"POLEMONIUM","no"
"POLIANTHES","no"
"POLYALTHIA","no"
"POLYANTHUS","yes"
"POLYGALA","no"
"POLYGONATUM","no"
"POLYGONUM","no"
"POLYMNIA","no"
"POLYPODIUM","no"
"POLYPORUS","yes"
"POLYPTERIS","yes"
"POLYSIPHONIA","yes"
"POLYSTHICUM","yes"
"POLYSTICHUM","no"
"POLYSTICTUS","yes"
"POLYSTIGMA","yes"
"PONCIRUS","yes"
"PONDRANEA","yes"
"PONGAMIA","no"
"POPOWIA","no"
"POPULUS","yes"
"PORANTHERA","no"
"PORELLA","no"
"PORIA","yes"
"PORONIA","yes"
"PORPHYRIDIUM","yes"
"PORTULACA","yes"
"POSOQUERIA","no"
"POTAMOGETON","no"
"POTENTILLA","no"
"POTERIUM","no"
"POUTERIA","no"
"PRANGOS","no"
"PREMNA","no"
"PRIMULA","yes"
"PRINTZIA","no"
"PRIONOSTEMMA","no"
"PRIORIA","no"
"PROCLEMA","yes"
"PRONEPHRIUM","no"
"PROSOPIS","no"
"PROSOPIDASTRUM","no"
"PROSTANTHERA","no"
"PROTEA","yes"
"PROTUSNEA","yes"
"PROUSTIA","no"
"PRUNUS","no"
"PSAMMOSILENE","no"
"PSEUDEVERNIA","yes"
"PSEUDOCEDRELA","no"
"PSEUDOCINCHONA","yes"
"PSEUDOCYPHELLARIA","yes"
"PSEUDOEROTUM","yes"
"PSEUDOLARIX","no"
"PSEUDOLOBIVIA","yes"
"PSEUDOPANAX","no"
"PSEUDOPARMELIA","yes"
"PSEUDOPLEXAURA","yes"
"PSEUDOPOTAMILLA","yes"
"PSEUDOTSUGA","no"
"PSEUDOWINTERA","no"
"PSEUDOXANDRA","no"
"PSEUDOXINYSSA","yes"
"PSEUDUVARIA","no"
"PSIADIA","no"
"PSIDIUM","no"
"PSILOCYBE","yes"
"PSILOTHONNA","yes"
"PSILOTROPHE","yes"
"PSILOTUM","no"
"PSORALEA","no"
"PSOROMA","yes"
"PSYCHOTRIA","no"
"PTAEROXYLON","no"
"PTELEA","no"
"PTERIDIUM","no"
"PTERIDOPHYLLUM","yes"
"PTERIS","no"
"PTEROCARPUS","no"
"PTEROCARYA","no"
"PTEROCAULON","no"
"PTEROCEPHALUS","no"
"PTEROCEREUS","no"
"PTERODON","no"
"PTEROGYNE","no"
"PTERONIA","no"
"PTEROXYLON","yes"
"PTERYXIA","no"
"PTILIDIUM","no"
"PTILOSARCUS","yes"
"PTILOSTEMON","no"
"PUCCINIA","yes"
"PUERARIA","no"
"PULICARIA","no"
"PULSATILLA","no"
"PULTNAEA","yes"
"PUNICA","no"
"PUTRANJIVA","no"
"PUTTERLICKIA","no"
"PYCNANTHUS","no"
"PYCNARRHENA","no"
"PYGEUM","no"
"PYGMACOPREMNA","yes"
"IUPAC","yes"
"PYRETHRUM","no"
"PYRACANTHA","no"
"PYROLA","no"
"PYRUS","no"
"PYXINE","yes"
"QUALEA","no"
"QUARARIBEA","no"
"QUASSIA","no"
"QUERCUS","no"
"QUISQUALIS","no"
"RABDOSIA","yes"
"RADERMACHERA","no"
"RADIX","yes"
"RADULA","no"
"RAMALINA","yes"
"RANDIA","no"
"RANUNCULUS","no"
"RAPANEA","no"
"RAUWOLFIA","yes"
"RAVENIA","no"
"READEA","no"
"REAUMURIA","no"
"REHMANNIA","no"
"REICHARDIA","no"
"REINECKIA","yes"
"REINKELLA","yes"
"REJOUA","yes"
"RELHANIA","no"
"REMERIA","yes"
"REMIJA","yes"
"REMIREA","no"
"RESEDA","no"
"RETAMA","yes"
"RETANILLA","no"
"RHAMNUS","no"
"RHAPONTICUM","no"
"RHAZYA","no"
"RHEEDIA","no"
"RHEI","yes"
"RHEUM","yes"
"RHIGIOCARYA","no"
"RHINOPETALUM","yes"
"RHIPOCEPHALUS","yes"
"RHIZOBIUM","yes"
"RHIZOCTONIA","yes"
"RHIZOPUS","yes"
"RHODEA","yes"
"RHODIOLA","no"
"RHODNIUS","yes"
"RHODODENDRON","no"
"RHODOMELA","yes"
"RHODOMYRTUS","no"
"RHODOPAXILLUS","yes"
"RHODOPHIALA","no"
"RHODOPHYLLUS","yes"
"RHODYMENIA","yes"
"RHUS","no"
"RHYNCHOSIA","no"
"RICCARDIA","no"
"RICCIA","no"
"RICINOCARPUS","yes"
"RICINUS","no"
"RIELLA","no"
"RINDERA","no"
"ROBINIA","yes"
"ROCCELLA","yes"
"ROEMERIA","no"
"ROLANDRA","no"
"ROLLINIA","no"
"ROMNEYA","yes"
"RONDELETIA","no"
"ROSA","yes"
"ROSMARINUS","no"
"ROTHMANNIA","no"
"ROTTLERA","yes"
"ROUREA","no"
"ROYLEA","no"
"ROZITES","yes"
"RUBIA","yes"
"RUBUS","no"
"RUDBECKIA","no"
"RUELLIA","no"
"RUILOPEZIA","no"
"RUMEX","no"
"RUPUS","yes"
"RUSCUS","no"
"RUSPOLIA","no"
"RUSSULA","yes"
"RUTA","no"
"RYANIA","no"
"RYTIPHLEA","yes"
"SABADILLA","yes"
"SABINA","yes"
"SACCHARUM","no"
"SAELANIA","no"
"SAFRAN","yes"
"SAGINA","no"
"SAGOTIA","no"
"SALACIA","no"
"SALICORNIA","no"
"SALIX","no"
"SALMALIA","yes"
"SALMEA","no"
"SALSOLA","no"
"SALVADORA","no"
"SALVIA","no"
"SAMADERA","yes"
"SAMBUCUS","no"
"SAMUELA","yes"
"SANBARIA","yes"
"SANDORICUM","no"
"SANGUINARIA","no"
"SANGUIS","yes"
"SANGUISORBA","no"
"SANSEVIERA","yes"
"SANTALUM","no"
"SANTOLINA","no"
"SAPINDUS","no"
"SAPIUM","no"
"SAPONARIA","no"
"SAPRANTHUS","no"
"SAPROSPIRA","yes"
"SARCOCAPNOS","yes"
"SARACOCOCCA","yes"
"SARCOLAEANA","yes"
"SARCOMELICOPE","no"
"SARGASSUM","yes"
"SARGENTIA","yes"
"SARGENTODOXA","no"
"SAROTHAMNUS","no"
"SARRACENIA","no"
"SASSAFRAS","yes"
"SATUREJA","no"
"SAURURUS","no"
"SAUSSUREA","no"
"SAUTELLARIA","yes"
"SAXIFRAGA","no"
"SCABIOSA","no"
"SCAPANIA","no"
"SCAVEOLA","yes"
"SCENEDESMUS","yes"
"SCEPTRIDIUM","no"
"SCHEFFLERA","no"
"SCHELHAMMERA","no"
"SCHINUS","no"
"SCHISANDRA","no"
"SCHISTOSTEPHIUM","no"
"SCHIZANTHUS","no"
"SCHIZONEPETA","yes"
"SCHIZOPELTE","yes"
"SCHIZOZYGIA","no"
"SCHKUHRIA","no"
"SCHLEICHERA","no"
"SCHOENOCAULON","no"
"SCHOTIA","no"
"SCHUMMANIOPHYTON","yes"
"SCIADOPITYS","no"
"SCIADOTENIA","no"
"SCIRPUS","no"
"SCLERODERMA","yes"
"SCLEROTINA","yes"
"SCOPARIA","no"
"SCOPOLIA","no"
"SCROPHULARIA","no"
"SCUTELLARIA","no"
"SCUTIA","no"
"SEBASTIANA","yes"
"SECHIUM","no"
"SECURIDACA","no"
"SECURINEGA","no"
"SEDUM","no"
"SELINUM","no"
"SEMECARPUS","no"
"SEMELE","no"
"SEMENOVIA","no"
"SEMPERVIVUM","no"
"SENECIO","yes"
"SEPTORIA","yes"
"SEQUOIA","yes"
"SEQUOIADENDRON","no"
"SERRATULA","no"
"SESAMUM","no"
"SESBANIA","no"
"SESELI","no"
"SEVERINA","yes"
"SHEPHERDIA","no"
"SHEPNOPAPPUS","yes"
"SHOREA","no"
"SIDERITIS","no"
"SIEGESBECKIA","no"
"SIGMOSCEPTRELLA","yes"
"SILAUM","no"
"SILENE","no"
"SILPHIUM","no"
"SILYBUM","no"
"SIMABA","no"
"SIMAROUBA","no"
"SIMMONDSIA","no"
"SIMSIA","no"
"SINAPIS","no"
"SINDORA","no"
"SINOMENIUM","no"
"SINTON","yes"
"SIPHONODON","no"
"SIPHULA","yes"
"SISYMBRIUM","no"
"SIUM","no"
"SKIMMIA","no"
"SKYTANTHUS","no"
"SMALLANTHUS","no"
"SMILACENA","yes"
"SMILAX","no"
"SMIRNIOPSIS","yes"
"SMIRNOVIA","yes"
"SMYRNIUM","yes"
"SOLANDRA","no"
"SOLANOSTOMA","yes"
"SOLANUM","no"
"SOLENANTHUS","no"
"SOLENOSTEMON","no"
"SOLENOSTOMA","no"
"SOLIDAGO","no"
"SOLORINA","yes"
"SONCHUS","no"
"SONNERATIA","no"
"SOPHORA","no"
"SORBARIA","no"
"SORBUS","no"
"SOULAMEA","yes"
"SOYMIDA","no"
"SPARTIUM","no"
"SPATHELIA","no"
"SPHAERANTHUS","no"
"SPHAEROCARPOS","yes"
"SPHAEROCOCCUS","yes"
"SPHAEROPHORUS","yes"
"SPHAEROPHYSA","no"
"SPHAGNUM","no"
"SPILANTHES","no"
"SPINACEA","yes"
"SPIRAEA","no"
"SPIROSTACHYS","no"
"SPONDIAS","no"
"SPORORMIA","yes"
"SPREKELIA","no"
"STACHYS","no"
"STACHYTARPHETA","no"
"STACHYURUS","no"
"STAPHYLEA","no"
"STAUNTONIA","no"
"STEGANOTAENIA","no"
"STEIRACTINIA","no"
"STELLERA","no"
"STEMMADENIA","no"
"STEMODIA","no"
"STEMONA","no"
"STENACHAENIUM","no"
"STENOCALYX","yes"
"STENOCARPUS","no"
"STENOSOLON","yes"
"STEPHANIA","no"
"STEPHANOTIS","no"
"STERCULIA","no"
"STEREOCAULON","yes"
"STEREOSPERMUM","no"
"STEREUM","yes"
"STERNBERGIA","no"
"STEVIA","no"
"STICTA","yes"
"STILBE","no"
"STILLINGIA","no"
"STILPNOPAPPUS","no"
"STILPNOPHYTUM","yes"
"STIZOLOBIUM","no"
"STIZOLOPHUS","no"
"STOEBE","no"
"STOECHOSPERMUM","yes"
"STOKESIA","no"
"STOMANTHUS","yes"
"STREBLUS","no"
"STREMPELIOPSIS","no"
"STROPHANTHUS","no"
"STRYCHNOS","no"
"STUARTIA","yes"
"STYLOPHORUM","no"
"STYLOTRICHUM","yes"
"STYPANDRA","no"
"STYPHNODENDRON","yes"
"STYPOPODIUM","yes"
"STYRAX","no"
"SUAEDA","no"
"SUBTRIBUS","yes"
"SUILLUS","yes"
"SURIANA","no"
"SWAINSONIA","yes"
"SWARTZIA","no"
"SWEETIA","no"
"SWERTIA","yes"
"SWIETENIA","no"
"SWINGLEA","no"
"SYMPHONIA","no"
"SYMPHOPAPPUS","yes"
"SYMPHORICARPUS","yes"
"SYMPHYTUM","no"
"SYMPLOCOS","no"
"SYNCARPIA","no"
"SYNEILENSIS","yes"
"SYNTHERISMA","yes"
"SYRENIA","no"
"SYRINGA","no"
"SYZYGIUM","no"
"TABEBUIA","no"
"TABERNAEMONTANA","no"
"CENIC","yes"
"CENIC","yes"
"TABERNANTHE","no"
"TACCA","yes"
"TAGETES","no"
"TAIWANIA","no"
"TALASSA","yes"
"TALAUMA","yes"
"TAMARIX","no"
"TAMUS","yes"
"TANACETOPSIS","no"
"TANACETUM","no"
"TANGHINIA","yes"
"TAONIA","yes"
"TARAXACUM","no"
"TARENNA","no"
"TAXILLUS","no"
"TAXODIUM","no"
"TAXUS","yes"
"TECLEA","no"
"TECOMA","no"
"TECOMELLA","no"
"TECTONA","no"
"TEDANIA","yes"
"TELEKIA","no"
"TELETOXICUM","yes"
"TELLIMA","yes"
"TELOSCHISTES","yes"
"TEMPLETONIA","no"
"TEPHROSIA","no"
"TERMINALIA","no"
"TERNSTROEMIA","no"
"TESSARIA","no"
"TESTULEA","yes"
"TETRACHYRON","no"
"TETRACLINUS","yes"
"TETRADENIA","no"
"TETRADYMIA","no"
"TETRAGONIA","no"
"TETRAGONOTHAEA","yes"
"TETRAPANAX","no"
"TETRAPATHAEA","no"
"TETRATAENIUM","yes"
"TEUCRIUM","no"
"TEVENOTICA","yes"
"THALICTRUM","no"
"THAMNOLIA","yes"
"THAMNOSMA","no"
"THAPSIA","yes"
"THEA","yes"
"THELEPHORA","yes"
"THELEPOGON","no"
"THELEPUS","yes"
"THELESPERMA","no"
"THELONOTA","yes"
"THEOBROMA","no"
"THEONELLA","yes"
"THERMOPSIS","no"
"THESIUM","no"
"THESPESIA","no"
"THEVETIA","no"
"THLASPI","no"
"THRYPTOMENE","no"
"THUJA","no"
"THUJOPSIS","no"
"THYMBRA","no"
"THYMELAEA","no"
"THYMUS","yes"
"THYRSANOSPERMUM","yes"
"TILIA","yes"
"TILIACORA","no"
"TILLANDSIA","no"
"TIMONIUS","no"
"TINOMISCIUM","no"
"TINOSPORA","no"
"TITHONIA","no"
"TODDALIA","no"
"TONDUZA","yes"
"TOONA","no"
"TORILIS","no"
"TORREYA","no"
"TOURNEFORTIA","no"
"TOVARIA","no"
"TOVOMITA","no"
"TOXICODENDRON","yes"
"TOXYLON","yes"
"TRACHELANTHUS","yes"
"TRACHELIUM","no"
"TRACHELOSPERMUM","no"
"TRACHYCALYMNA","yes"
"TRACHYLOBIUM","yes"
"TRACHYSPERMUM","no"
"TRAMETES","yes"
"TRAVERSIA","no"
"TREMIA","yes"
"TRENTEPOHLIA","yes"
"TREVOA","no"
"TREWIA","yes"
"TRIANTHEMA","no"
"TRIBONEMA","yes"
"TRIBULUS","no"
"TRICACHNA","yes"
"TRICHADENIA","yes"
"TRICHILIA","no"
"TRICHOCEREUS","no"
"THICHOCLINE","yes"
"TRICHOCOLEA","no"
"TRICHOCOLEOPSIS","no"
"TRICHODERMA","yes"
"TRICHODESMA","no"
"TRICHOGONIA","no"
"TRICHOLOMA","yes"
"TRICHOLOMOPSIS","yes"
"TRICHOSANTHES","no"
"TRICHOSTEMA","no"
"TRICLISIA","no"
"TRIDACHIA","yes"
"TRIFOLIUM","no"
"TRIGONELLA","no"
"TRILLIUM","yes"
"TRIPETALIA","yes"
"TRIPHASIA","no"
"TRIPHYOPHYLLUM","no"
"TRIPTEROSPERMUM","no"
"TRIPTERYGIUM","no"
"TRISTANIA","yes"
"TRITICUM","no"
"TRIUMFETTA","no"
"TRIXIS","no"
"TROCHODENDRON","no"
"TROCHOLEJEUNEA","no"
"TRYPTODENDRON","yes"
"TSUGA","yes"
"TULIPA","no"
"TUPISTRA","no"
"TURBINA","no"
"TURNEFORCIS","yes"
"TURNERA","no"
"TURPINIA","no"
"TURREANTHUS","yes"
"TUSSILAGO","no"
"TYDEMANIA","yes"
"TYLECODON","no"
"TYLOPHORA","no"
"TYPHA","no"
"UDOTEA","yes"
"ULEX","no"
"ULMUS","yes"
"ULUGBEKIA","yes"
"ULVA","yes"
"ULVARIA","yes"
"UMBELLULARIA","no"
"UMBILICARIA","yes"
"UNCARIA","no"
"UNGERNIA","no"
"UNONA","no"
"URCEOLARIA","yes"
"URECHTITES","yes"
"URGINEA","yes"
"UROSPERMUM","no"
"URSINIA","no"
"USNEA","yes"
"USTILAGO","yes"
"UVARIA","no"
"UVARIODENDRON","no"
"UVARIOPSIS","no"
"UVULARIA","no"
"VACCARIA","no"
"VACCINIUM","yes"
"VALERIANA","no"
"VALLARIS","no"
"VALLESIA","no"
"VANDA","yes"
"VANDOPSIS","no"
"VANGUERIA","no"
"VANILLOSMOPSIS","yes"
"VASCANELLA","yes"
"VELLOZIA","no"
"VENTILAGO","no"
"VEPRIS","no"
"VERATRUM","yes"
"VERBASCUM","no"
"VERBENA","no"
"VERBESINA","no"
"VERNONIA","no"
"VERONICA","yes"
"VERTICILLIUM","yes"
"VESTIA","no"
"VETIVERIA","yes"
"VIBURNUM","yes"
"VICIA","yes"
"VICOA","yes"
"VIGNA","no"
"VIGUIERA","no"
"VILEX","yes"
"VILLANOVA","yes"
"VINCA","yes"
"VINCETOXICUM","no"
"VIOLA","yes"
"VIRGILIA","no"
"VIROLA","yes"
"VISCARIA","yes"
"VISCUM","no"
"VISMIA","no"
"VITEX","no"
"VITIS","yes"
"VOACANGA","no"
"VOCHYSIA","no"
"VOUACAPOUA","no"
"WALPURGIA","yes"
"WALSURA","no"
"WALTHERIA","no"
"WARBURGHIA","yes"
"WEDELIA","no"
"WELWITSCHIA","no"
"WIDDRINGTONIA","no"
"WIESNERELLA","no"
"WIGANDIA","no"
"WIKSTROEMIA","no"
"WILCOXIA","yes"
"WITHANIA","no"
"WITHERINGIA","no"
"WOODFORDIA","no"
"WOODWARDIA","no"
"WRIGHTIA","no"
"WUNDERLICHIA","yes"
"WURMBEA","no"
"WYETHIA","no"
"XANTHIUM","no"
"XANTHOCEPHALUM","no"
"XANTHOCERAS","no"
"XANTHOGALUM","yes"
"XANTHORIA","yes"
"XANTHORRHOEA","no"
"XANTHOXYLUM","yes"
"XERANTHEMUM","no"
"XEROCOMUS","yes"
"XEROMPHIS","yes"
"XYLIA","yes"
"XYLOCARPUS","no"
"XYLOPIA","no"
"XYLOSMA","no"
"XYRIS","no"
"XYSMALOBIUM","no"
"YOUNGIA","no"
"YUCCA","no"
"ZALUZANIA","no"
"ZANTHOXYLUM","no"
"ZEA","yes"
"ZEDOARIA","yes"
"ZELKOVA","no"
"ZEPHYRANTHES","no"
"ZEXMENIA","no"
"ZEYHERA","yes"
"ZEYSIA","yes"
"ZIERIA","yes"
"ZINGIBER","no"
"ZINNIA","no"
"ZIZIA","no"
"ZIZIFLORA","yes"
"ZIZYPHUS","no"
"ZOLLERNIA","no"
"ZOYSIA","no"
"ZYGADENUS","no"
